Orthogroup_ID,Position_range,Consensus_Sequence,Length_aa,Conservation_%,Taxa_Count,Taxa_Names,Conserved_in,Region_analysis_rank_for_OG,OG_analysis,Selection_rationale,OG_median_in_all,OG_median_in_gram+,OG_median_in_gram-,Location_notes,Jalview_notes
OG0000089,139-169,GDFPLMTDRGTFVINGAERVIVSQLVRSPGV,30,90.0,8/8,"A_muciniphila, B_fragilis, E_cloacae, E_faecalis, F_prausnitzii, L_reuteri, P_russellii, S_salivarius",Gram+,1,Mentioned in top candidates,Conserved OG with conserved regions,0.43%,0.41%,0.57%,Cytoplasmic,
OG0000089,191-199,IPNRGAWLE,9,86.1,8/8,"A_muciniphila, B_fragilis, E_cloacae, E_faecalis, F_prausnitzii, L_reuteri, P_russellii, S_salivarius",Gram+,1,Mentioned in top candidates,Conserved OG with conserved regions,0.43%,0.41%,0.57%,Cytoplasmic,
OG0000089,420-429,LFFDPKRYDL,10,83.8,8/8,"A_muciniphila, B_fragilis, E_cloacae, E_faecalis, F_prausnitzii, L_reuteri, P_russellii, S_salivarius",Gram+,1,Mentioned in top candidates,Conserved OG with conserved regions,0.43%,0.41%,0.57%,Cytoplasmic,
OG0000089,605-636,VDDIDHLGNRRIRSVGELLQNQFRIGLARMER,31,90.3,8/8,"A_muciniphila, B_fragilis, E_cloacae, E_faecalis, F_prausnitzii, L_reuteri, P_russellii, S_salivarius",Gram+,1,Mentioned in top candidates,Conserved OG with conserved regions,0.43%,0.41%,0.57%,Cytoplasmic,
OG0000089,667-759,IKEFFGSSQLSQFMDQTNPLAELTHKRRLSALGPGGLTRDRAGFEVRDVHYSHYGRMCPIETPEGPNIGLINSLSSYAKINEYGFIETPYRKV,92,89.5,8/8,"A_muciniphila, B_fragilis, E_cloacae, E_faecalis, F_prausnitzii, L_reuteri, P_russellii, S_salivarius",Gram+,1,Mentioned in top candidates,Conserved OG with conserved regions,0.43%,0.41%,0.57%,Cytoplasmic,
OG0000089,783-790,YLTADEED,8,81.2,8/8,"A_muciniphila, B_fragilis, E_cloacae, E_faecalis, F_prausnitzii, L_reuteri, P_russellii, S_salivarius",Gram+,1,Mentioned in top candidates,Conserved OG with conserved regions,0.43%,0.41%,0.57%,Cytoplasmic,
OG0000089,829-871,VDYMDVSPKQVVSVATACIPFLENDDANRALMGSNMQRQAVPL,42,88.4,8/8,"A_muciniphila, B_fragilis, E_cloacae, E_faecalis, F_prausnitzii, L_reuteri, P_russellii, S_salivarius",Gram+,1,Mentioned in top candidates,Conserved OG with conserved regions,0.43%,0.41%,0.57%,Cytoplasmic,
OG0000089,975-983,GDVLADGPS,9,80.6,8/8,"A_muciniphila, B_fragilis, E_cloacae, E_faecalis, F_prausnitzii, L_reuteri, P_russellii, S_salivarius",Gram+,1,Mentioned in top candidates,Conserved OG with conserved regions,0.43%,0.41%,0.57%,Cytoplasmic,
OG0000089,1024-1118,TSIHIEEYESEARDTKLGPEEITRDIPNVGEEALKDLDENGIIRIGAEVKPGDILVGKVTPKGETELSPEERLLRAIFGEKAREVRDTSLRVPHG,94,83.6,8/8,"A_muciniphila, B_fragilis, E_cloacae, E_faecalis, F_prausnitzii, L_reuteri, P_russellii, S_salivarius",Gram+,1,Mentioned in top candidates,Conserved OG with conserved regions,0.43%,0.41%,0.57%,Cytoplasmic,
OG0000089,1288-1305,VGDKMAGRHGNKGVVSRI,18,90.3,8/8,"A_muciniphila, B_fragilis, E_cloacae, E_faecalis, F_prausnitzii, L_reuteri, P_russellii, S_salivarius",Gram+,1,Mentioned in top candidates,Conserved OG with conserved regions,0.43%,0.41%,0.57%,Cytoplasmic,
OG0000089,1316-1340,DGTPVDIVLNPLGVPSRMNIGQVLE,25,91.5,8/8,"A_muciniphila, B_fragilis, E_cloacae, E_faecalis, F_prausnitzii, L_reuteri, P_russellii, S_salivarius",Gram+,1,Mentioned in top candidates,Conserved OG with conserved regions,0.43%,0.41%,0.57%,Cytoplasmic,
OG0000089,1409-1416,ATPVFDGA,8,92.2,8/8,"A_muciniphila, B_fragilis, E_cloacae, E_faecalis, F_prausnitzii, L_reuteri, P_russellii, S_salivarius",Gram+,1,Mentioned in top candidates,Conserved OG with conserved regions,0.43%,0.41%,0.57%,Cytoplasmic,
OG0000089,1474-1481,LYDGRTGE,8,89.1,8/8,"A_muciniphila, B_fragilis, E_cloacae, E_faecalis, F_prausnitzii, L_reuteri, P_russellii, S_salivarius",Gram+,1,Mentioned in top candidates,Conserved OG with conserved regions,0.43%,0.41%,0.57%,Cytoplasmic,
OG0000089,1511-1554,GPYSLVTQQPLGGKAQFGGQRFGEMEVWALEAYGAAYTLQEILT,44,95.5,8/8,"A_muciniphila, B_fragilis, E_cloacae, E_faecalis, F_prausnitzii, L_reuteri, P_russellii, S_salivarius",Gram+,1,Mentioned in top candidates,Conserved OG with conserved regions,0.43%,0.41%,0.57%,Cytoplasmic,
OG0000089,1590-1598,KELQSLGLD,9,81.9,8/8,"A_muciniphila, B_fragilis, E_cloacae, E_faecalis, F_prausnitzii, L_reuteri, P_russellii, S_salivarius",Gram+,1,Mentioned in top candidates,Conserved OG with conserved regions,0.43%,0.41%,0.57%,Cytoplasmic,
OG0000067,39-126,GEVKKPETINYRTLKPERDGLFCERIFGPTKDWECACGKYKRIRYKGIVCDRCGVEVTRAKVRRERMGHIELAAPVSHIWYFKGIPSR,87,90.4,9/8,"A_muciniphila, B_fragilis, E_cloacae, E_faecalis, F_prausnitzii, L_reuteri, P_russellii, S_salivarius, V_magna",Both,2,Mentioned in top candidates,Conserved OG with conserved regions,0.41%,0.41%,0.38%,Cytoplasmic,
OG0000067,333-446,PPDLRPMVQLDGGRFATSDLNDLYRRVINRNNRLKRLLELKAPEIIVRNEKRMLQEAVDALIDNGRRGRPVTGPGNRPLKSLSDMLKGKQGRFRQNLLGKRVDYSGRSVIVVGP,113,92.4,9/8,"A_muciniphila, B_fragilis, E_cloacae, E_faecalis, F_prausnitzii, L_reuteri, P_russellii, S_salivarius, V_magna",Both,2,Mentioned in top candidates,Conserved OG with conserved regions,0.41%,0.41%,0.38%,Cytoplasmic,
OG0000067,459-467,MALELFKPF,9,92.6,9/8,"A_muciniphila, B_fragilis, E_cloacae, E_faecalis, F_prausnitzii, L_reuteri, P_russellii, S_salivarius, V_magna",Both,2,Mentioned in top candidates,Conserved OG with conserved regions,0.41%,0.41%,0.38%,Cytoplasmic,
OG0000067,506-528,HPVLLNRAPTLHRLGIQAFEPVL,23,96.1,9/8,"A_muciniphila, B_fragilis, E_cloacae, E_faecalis, F_prausnitzii, L_reuteri, P_russellii, S_salivarius, V_magna",Both,2,Mentioned in top candidates,Conserved OG with conserved regions,0.41%,0.41%,0.38%,Cytoplasmic,
OG0000067,543-560,AYNADFDGDQMAVHVPLS,18,93.2,9/8,"A_muciniphila, B_fragilis, E_cloacae, E_faecalis, F_prausnitzii, L_reuteri, P_russellii, S_salivarius, V_magna",Both,2,Mentioned in top candidates,Conserved OG with conserved regions,0.41%,0.41%,0.38%,Cytoplasmic,
OG0000067,589-596,PSQDMVLG,8,88.9,9/8,"A_muciniphila, B_fragilis, E_cloacae, E_faecalis, F_prausnitzii, L_reuteri, P_russellii, S_salivarius, V_magna",Both,2,Mentioned in top candidates,Conserved OG with conserved regions,0.41%,0.41%,0.38%,Cytoplasmic,
OG0000067,868-877,QLAGMRGLMA,10,96.7,9/8,"A_muciniphila, B_fragilis, E_cloacae, E_faecalis, F_prausnitzii, L_reuteri, P_russellii, S_salivarius, V_magna",Both,2,Mentioned in top candidates,Conserved OG with conserved regions,0.41%,0.41%,0.38%,Cytoplasmic,
OG0000067,897-938,NFREGLSVLEYFISTHGARKGLADTALKTADSGYLTRRLVDV,41,92.1,9/8,"A_muciniphila, B_fragilis, E_cloacae, E_faecalis, F_prausnitzii, L_reuteri, P_russellii, S_salivarius, V_magna",Both,2,Mentioned in top candidates,Conserved OG with conserved regions,0.41%,0.41%,0.38%,Cytoplasmic,
OG0000067,1190-1198,CYGRNLATG,9,85.2,9/8,"A_muciniphila, B_fragilis, E_cloacae, E_faecalis, F_prausnitzii, L_reuteri, P_russellii, S_salivarius, V_magna",Both,2,Mentioned in top candidates,Conserved OG with conserved regions,0.41%,0.41%,0.38%,Cytoplasmic,
OG0000067,1210-1231,IAAQSIGEPGTQLTMRTFHTGG,22,96.0,9/8,"A_muciniphila, B_fragilis, E_cloacae, E_faecalis, F_prausnitzii, L_reuteri, P_russellii, S_salivarius, V_magna",Both,2,Mentioned in top candidates,Conserved OG with conserved regions,0.41%,0.41%,0.38%,Cytoplasmic,
OG0000067,1431-1439,DITQGLPRV,9,92.6,9/8,"A_muciniphila, B_fragilis, E_cloacae, E_faecalis, F_prausnitzii, L_reuteri, P_russellii, S_salivarius, V_magna",Both,2,Mentioned in top candidates,Conserved OG with conserved regions,0.41%,0.41%,0.38%,Cytoplasmic,
OG0000067,1558-1568,EVIVRQMLRKV,11,85.9,9/8,"A_muciniphila, B_fragilis, E_cloacae, E_faecalis, F_prausnitzii, L_reuteri, P_russellii, S_salivarius, V_magna",Both,2,Mentioned in top candidates,Conserved OG with conserved regions,0.41%,0.41%,0.38%,Cytoplasmic,
OG0000067,1650-1678,VLLGITKASLETNSFLSAASFQETTRVLT,28,92.5,9/8,"A_muciniphila, B_fragilis, E_cloacae, E_faecalis, F_prausnitzii, L_reuteri, P_russellii, S_salivarius, V_magna",Both,2,Mentioned in top candidates,Conserved OG with conserved regions,0.41%,0.41%,0.38%,Cytoplasmic,
OG0000067,1699-1707,GKLIPAGTG,9,92.6,9/8,"A_muciniphila, B_fragilis, E_cloacae, E_faecalis, F_prausnitzii, L_reuteri, P_russellii, S_salivarius, V_magna",Both,2,Mentioned in top candidates,Conserved OG with conserved regions,0.41%,0.41%,0.38%,Cytoplasmic,
OG0000090,15-27,LDSRGNPTVEVEV,13,91.3,8/8,"A_muciniphila, E_cloacae, E_faecalis, F_prausnitzii, L_reuteri, P_russellii, S_salivarius, V_magna",Gram+,3,Not mentioned,Conserved regions,0.21%,1.20%,0.03%,Cytoplasmic,
OG0000090,39-70,VPSGASTGEHEAVELRDGDKSRYLGKGVLKAV,31,90.7,8/8,"A_muciniphila, E_cloacae, E_faecalis, F_prausnitzii, L_reuteri, P_russellii, S_salivarius, V_magna",Gram+,3,Not mentioned,Conserved regions,0.21%,1.20%,0.03%,Cytoplasmic,
OG0000090,99-117,LDGTPNKGKLGANAILGVS,19,90.1,8/8,"A_muciniphila, E_cloacae, E_faecalis, F_prausnitzii, L_reuteri, P_russellii, S_salivarius, V_magna",Gram+,3,Not mentioned,Conserved regions,0.21%,1.20%,0.03%,Cytoplasmic,
OG0000090,148-196,LPVPMMNIINGGAHADNNVDFQEFMIMPVGAPTFKEALRMGAEVFHALK,48,83.9,8/8,"A_muciniphila, E_cloacae, E_faecalis, F_prausnitzii, L_reuteri, P_russellii, S_salivarius, V_magna",Gram+,3,Not mentioned,Conserved regions,0.21%,1.20%,0.03%,Cytoplasmic,
OG0000090,208-218,VGDEGGFAPNL,11,93.2,8/8,"A_muciniphila, E_cloacae, E_faecalis, F_prausnitzii, L_reuteri, P_russellii, S_salivarius, V_magna",Gram+,3,Not mentioned,Conserved regions,0.21%,1.20%,0.03%,Cytoplasmic,
OG0000090,291-303,KYPIISIEDGLDE,13,85.6,8/8,"A_muciniphila, E_cloacae, E_faecalis, F_prausnitzii, L_reuteri, P_russellii, S_salivarius, V_magna",Gram+,3,Not mentioned,Conserved regions,0.21%,1.20%,0.03%,Cytoplasmic,
OG0000090,319-332,KVQLVGDDLFVTNT,14,93.8,8/8,"A_muciniphila, E_cloacae, E_faecalis, F_prausnitzii, L_reuteri, P_russellii, S_salivarius, V_magna",Gram+,3,Not mentioned,Conserved regions,0.21%,1.20%,0.03%,Cytoplasmic,
OG0000090,344-360,ANSILIKVNQIGTLTET,17,89.0,8/8,"A_muciniphila, E_cloacae, E_faecalis, F_prausnitzii, L_reuteri, P_russellii, S_salivarius, V_magna",Gram+,3,Not mentioned,Conserved regions,0.21%,1.20%,0.03%,Cytoplasmic,
OG0000090,377-421,SHRSGETEDATIADIAVATNAGQIKTGSLSRTDRVAKYNQLLRIE,44,91.8,8/8,"A_muciniphila, E_cloacae, E_faecalis, F_prausnitzii, L_reuteri, P_russellii, S_salivarius, V_magna",Gram+,3,Not mentioned,Conserved regions,0.21%,1.20%,0.03%,Cytoplasmic,
OG0000034,11-34,KPHVNIGTIGHVDHGKTTLTAAIT,24,88.6,9/8,"A_muciniphila, B_fragilis, E_cloacae, E_faecalis, F_prausnitzii, L_reuteri, P_russellii, S_salivarius, V_magna",Both,4,Mentioned in top candidates,Conserved OG with conserved regions,0.51%,1.76%,0.15%,Cytoplasmic,
OG0000034,62-126,ERGITINTAHVEYETENRHYAHVDCPGHADYVKNMITGAAQMDGAILVVAATDGPMPQTREHILL,64,86.8,9/8,"A_muciniphila, B_fragilis, E_cloacae, E_faecalis, F_prausnitzii, L_reuteri, P_russellii, S_salivarius, V_magna",Both,4,Mentioned in top candidates,Conserved OG with conserved regions,0.51%,1.76%,0.15%,Cytoplasmic,
OG0000034,143-157,DMVDDEELLELVEME,15,83.6,9/8,"A_muciniphila, B_fragilis, E_cloacae, E_faecalis, F_prausnitzii, L_reuteri, P_russellii, S_salivarius, V_magna",Both,4,Mentioned in top candidates,Conserved OG with conserved regions,0.51%,1.76%,0.15%,Cytoplasmic,
OG0000034,177-185,GSALKALEG,9,84.8,9/8,"A_muciniphila, B_fragilis, E_cloacae, E_faecalis, F_prausnitzii, L_reuteri, P_russellii, S_salivarius, V_magna",Both,4,Mentioned in top candidates,Conserved OG with conserved regions,0.51%,1.76%,0.15%,Cytoplasmic,
OG0000034,217-256,DKPFLMPVEDVFSITGRGTVATGRVERGVIKVGDEVEIVG,39,87.4,9/8,"A_muciniphila, B_fragilis, E_cloacae, E_faecalis, F_prausnitzii, L_reuteri, P_russellii, S_salivarius, V_magna",Both,4,Mentioned in top candidates,Conserved OG with conserved regions,0.51%,1.76%,0.15%,Cytoplasmic,
OG0000034,297-307,IERGQVLAKPG,11,81.8,9/8,"A_muciniphila, B_fragilis, E_cloacae, E_faecalis, F_prausnitzii, L_reuteri, P_russellii, S_salivarius, V_magna",Both,4,Mentioned in top candidates,Conserved OG with conserved regions,0.51%,1.76%,0.15%,Cytoplasmic,
OG0000034,324-367,KEEGGRHTPFFNNYRPQFYFRTTDVTGTIELPEGTEMVMPGDNV,43,83.3,9/8,"A_muciniphila, B_fragilis, E_cloacae, E_faecalis, F_prausnitzii, L_reuteri, P_russellii, S_salivarius, V_magna",Both,4,Mentioned in top candidates,Conserved OG with conserved regions,0.51%,1.76%,0.15%,Cytoplasmic,
OG0000034,382-395,GLRFAIREGGRTVG,14,83.1,9/8,"A_muciniphila, B_fragilis, E_cloacae, E_faecalis, F_prausnitzii, L_reuteri, P_russellii, S_salivarius, V_magna",Both,4,Mentioned in top candidates,Conserved OG with conserved regions,0.51%,1.76%,0.15%,Cytoplasmic,
OG0000019,3-19,VKVGINGFGRIGRLAFR,17,86.9,10/8,"A_muciniphila, B_fragilis, E_cloacae, E_faecalis, F_prausnitzii, L_reuteri, P_russellii, S_salivarius, T_sanguinis, V_magna",Both,5,Mentioned in top candidates,Conserved OG with conserved regions,1.96%,1.96%,0.41%,Cytoplasmic,
OG0000019,30-51,EVVAINDLTDAEMLAHLLKYDS,21,80.2,10/8,"A_muciniphila, B_fragilis, E_cloacae, E_faecalis, F_prausnitzii, L_reuteri, P_russellii, S_salivarius, T_sanguinis, V_magna",Both,5,Mentioned in top candidates,Conserved OG with conserved regions,1.96%,1.96%,0.41%,Cytoplasmic,
OG0000019,124-134,AGAKKVVISAP,11,83.2,10/8,"A_muciniphila, B_fragilis, E_cloacae, E_faecalis, F_prausnitzii, L_reuteri, P_russellii, S_salivarius, T_sanguinis, V_magna",Both,5,Mentioned in top candidates,Conserved OG with conserved regions,1.96%,1.96%,0.41%,Cytoplasmic,
OG0000019,162-176,ASCTTNCLAPMAKVL,15,90.8,10/8,"A_muciniphila, B_fragilis, E_cloacae, E_faecalis, F_prausnitzii, L_reuteri, P_russellii, S_salivarius, T_sanguinis, V_magna",Both,5,Mentioned in top candidates,Conserved OG with conserved regions,1.96%,1.96%,0.41%,Cytoplasmic,
OG0000019,187-194,MTTIHAYT,8,88.5,10/8,"A_muciniphila, B_fragilis, E_cloacae, E_faecalis, F_prausnitzii, L_reuteri, P_russellii, S_salivarius, T_sanguinis, V_magna",Both,5,Mentioned in top candidates,Conserved OG with conserved regions,1.96%,1.96%,0.41%,Cytoplasmic,
OG0000019,208-241,DLRRARAAAANIIPNSTGAAKAIGLVIPELNGKL,33,83.4,10/8,"A_muciniphila, B_fragilis, E_cloacae, E_faecalis, F_prausnitzii, L_reuteri, P_russellii, S_salivarius, T_sanguinis, V_magna",Both,5,Mentioned in top candidates,Conserved OG with conserved regions,1.96%,1.96%,0.41%,Cytoplasmic,
OG0000083,4-27,RIAGVDLPREKRVEIGLTYIYGIG,23,82.6,8/8,"A_muciniphila, B_fragilis, E_cloacae, E_faecalis, F_prausnitzii, L_reuteri, P_russellii, V_magna",Gram-,14,Mentioned in top candidates,Highest intensity of conserved in gram- and detected regions,0.05%,0.05%,0.23%,Cytoplasmic,
OG0000083,68-75,VEGDLRRE,8,95.3,8/8,"A_muciniphila, B_fragilis, E_cloacae, E_faecalis, F_prausnitzii, L_reuteri, P_russellii, V_magna",Gram-,14,Mentioned in top candidates,Highest intensity of conserved in gram- and detected regions,0.05%,0.05%,0.23%,Cytoplasmic,
OG0000083,105-115,TKTNARTRKGP,11,90.9,8/8,"A_muciniphila, B_fragilis, E_cloacae, E_faecalis, F_prausnitzii, L_reuteri, P_russellii, V_magna",Gram-,14,Mentioned in top candidates,Highest intensity of conserved in gram- and detected regions,0.05%,0.05%,0.23%,Cytoplasmic,
OG0000072,106-113,VGSGIGGL,8,87.5,8/8,"A_muciniphila, E_cloacae, E_faecalis, F_prausnitzii, L_reuteri, P_russellii, S_salivarius, V_magna",Gram+,9,Not mentioned,Highest rank in reg. Analysis of cytoplasmic membrane proteins,0.03%,0.08%,0.01%,Cytoplasmic_membrane,
OG0000072,230-238,GFVMGEGAG,9,90.1,8/8,"A_muciniphila, E_cloacae, E_faecalis, F_prausnitzii, L_reuteri, P_russellii, S_salivarius, V_magna",Gram+,9,Not mentioned,Highest rank in reg. Analysis of cytoplasmic membrane proteins,0.03%,0.08%,0.01%,Cytoplasmic_membrane,
OG0000072,301-309,YINAHGTST,9,91.4,8/8,"A_muciniphila, E_cloacae, E_faecalis, F_prausnitzii, L_reuteri, P_russellii, S_salivarius, V_magna",Gram+,9,Not mentioned,Highest rank in reg. Analysis of cytoplasmic membrane proteins,0.03%,0.08%,0.01%,Cytoplasmic_membrane,
OG0000072,334-349,VSSTKSMTGHLLGAAG,16,94.4,8/8,"A_muciniphila, E_cloacae, E_faecalis, F_prausnitzii, L_reuteri, P_russellii, S_salivarius, V_magna",Gram+,9,Not mentioned,Highest rank in reg. Analysis of cytoplasmic membrane proteins,0.03%,0.08%,0.01%,Cytoplasmic_membrane,
OG0000072,399-408,SNSFGFGGHN,10,93.3,8/8,"A_muciniphila, E_cloacae, E_faecalis, F_prausnitzii, L_reuteri, P_russellii, S_salivarius, V_magna",Gram+,9,Not mentioned,Highest rank in reg. Analysis of cytoplasmic membrane proteins,0.03%,0.08%,0.01%,Cytoplasmic_membrane,
OG0000080,284-380,LLVGPPGTGKTLLAKAVAGEAGVPFFSISGSDFVEMFVGVGASRVRDLFEQAKKNAPCIIFIDEIDAVGRQRGAGLGGGHDEREQTLNQLLVEMDGF,96,91.6,7/8,"E_cloacae, E_faecalis, F_prausnitzii, L_reuteri, P_russellii, T_sanguinis, V_magna",Gram+,16,Not mentioned,2nd highest rank in reg. Analysis of cytoplasmic membrane proteins,0.08%,0.28%,0.01%,Cytoplasmic_membrane,
OG0000080,398-412,LDPALLRPGRFDRQV,15,92.6,7/8,"E_cloacae, E_faecalis, F_prausnitzii, L_reuteri, P_russellii, T_sanguinis, V_magna",Gram+,16,Not mentioned,2nd highest rank in reg. Analysis of cytoplasmic membrane proteins,0.08%,0.28%,0.01%,Cytoplasmic_membrane,
OG0000080,526-535,VHKVTIIPRG,10,90.0,7/8,"E_cloacae, E_faecalis, F_prausnitzii, L_reuteri, P_russellii, T_sanguinis, V_magna",Gram+,16,Not mentioned,2nd highest rank in reg. Analysis of cytoplasmic membrane proteins,0.08%,0.28%,0.01%,Cytoplasmic_membrane,
